id,sourceFramework,sourceControl,targetFramework,targetControl,mappingType,confidence,sourceReference,reviewStatus
MAP-CIS-NIST-001,FW-CIS,1.1.1,FW-NIST-800-53,AC-17,DIRECT,0.95,NIST SP 800-53 Rev 5 AC-17 / CIS Cisco Benchmark Mapping Appendix,VALIDATED
MAP-CIS-STIG-001,FW-CIS,1.1.1,FW-STIG,V-220527,DIRECT,1.0,DISA Network Device Management SRG NET-0400,VALIDATED
MAP-CIS-ISO-001,FW-CIS,1.1.1,FW-ISO-27001,A.8.20,RELATED,0.85,ISO/IEC 27001:2022 Annex A.8.20,VALIDATED
MAP-CIS-NIST-002,FW-CIS,1.1.2,FW-NIST-800-53,CM-7,DIRECT,0.95,NIST SP 800-53 Rev 5 CM-7 Least Functionality,VALIDATED
MAP-CIS-STIG-002,FW-CIS,1.1.2,FW-STIG,V-220528,DIRECT,1.0,DISA Network Device Management SRG NET-0410,VALIDATED
MAP-CIS-NIST-003,FW-CIS,1.1.3,FW-NIST-800-53,SC-8,DIRECT,0.9,NIST SP 800-53 Rev 5 SC-8 Transmission Confidentiality,VALIDATED
MAP-CIS-STIG-003,FW-CIS,1.1.3,FW-STIG,V-220529,DIRECT,1.0,DISA Network Device Management SRG NET-0420,VALIDATED
MAP-CIS-NIST-004,FW-CIS,1.1.4,FW-NIST-800-53,IA-2,DIRECT,0.95,NIST SP 800-53 Rev 5 IA-2 Identification and Authentication,VALIDATED
MAP-CIS-STIG-004,FW-CIS,1.1.4,FW-STIG,V-220530,DIRECT,1.0,DISA Network Device Management SRG NET-0500,VALIDATED
MAP-CIS-ISO-004,FW-CIS,1.1.4,FW-ISO-27001,A.5.15,RELATED,0.85,ISO/IEC 27001:2022 Annex A.5.15 Access Control,VALIDATED
MAP-CIS-NIST-005,FW-CIS,1.1.5,FW-NIST-800-53,AU-12,DIRECT,0.95,NIST SP 800-53 Rev 5 AU-12 Audit Record Generation,VALIDATED
MAP-CIS-STIG-005,FW-CIS,1.1.5,FW-STIG,V-220531,DIRECT,1.0,DISA Network Device Management SRG NET-0600,VALIDATED
MAP-CIS-ISO-005,FW-CIS,1.1.5,FW-ISO-27001,A.8.15,DIRECT,0.9,ISO/IEC 27001:2022 Annex A.8.15 Logging,VALIDATED
MAP-CIS-NIST-006,FW-CIS,1.1.6,FW-NIST-800-53,CM-7,DIRECT,0.9,NIST SP 800-53 Rev 5 CM-7 Least Functionality,VALIDATED
MAP-CIS-STIG-006,FW-CIS,1.1.6,FW-STIG,V-220532,DIRECT,1.0,DISA Network Device Management SRG NET-0700,VALIDATED
MAP-NIST-STIG-007,FW-NIST-800-53,AU-8,FW-STIG,V-220533,DIRECT,1.0,DISA Network Device Management SRG NET-0800,VALIDATED
MAP-NIST-ISO-007,FW-NIST-800-53,AU-8,FW-ISO-27001,A.8.15,SUPPORTING_EVIDENCE,0.8,ISO/IEC 27001:2022 Annex A.8.15,VALIDATED
MAP-NIST-STIG-008,FW-NIST-800-53,AC-8,FW-STIG,V-220534,DIRECT,1.0,DISA Network Device Management SRG NET-0900,VALIDATED
