id,frameworkId,controlId,title,family,severity,sourceReference,status,provenance
nist-ac-2,FW-NIST-800-53,AC-2,Account Management,ACCESS_CONTROL,HIGH,NIST SP 800-53 Rev 5 Section AC-2,ACTIVE,Official NIST SP 800-53 Revision 5 public catalog
nist-ac-3,FW-NIST-800-53,AC-3,Access Enforcement,ACCESS_CONTROL,HIGH,NIST SP 800-53 Rev 5 Section AC-3,ACTIVE,Official NIST SP 800-53 Revision 5 public catalog
nist-ac-8,FW-NIST-800-53,AC-8,System Use Notification,ACCESS_CONTROL,LOW,NIST SP 800-53 Rev 5 Section AC-8,ACTIVE,Official NIST SP 800-53 Revision 5 public catalog
nist-ac-17,FW-NIST-800-53,AC-17,Remote Access Management,ACCESS_CONTROL,HIGH,NIST SP 800-53 Rev 5 Section AC-17,ACTIVE,Official NIST SP 800-53 Revision 5 public catalog
nist-au-2,FW-NIST-800-53,AU-2,Event Logging,AUDIT_AND_ACCOUNTABILITY,MEDIUM,NIST SP 800-53 Rev 5 Section AU-2,ACTIVE,Official NIST SP 800-53 Revision 5 public catalog
nist-au-8,FW-NIST-800-53,AU-8,Time Stamps,AUDIT_AND_ACCOUNTABILITY,MEDIUM,NIST SP 800-53 Rev 5 Section AU-8,ACTIVE,Official NIST SP 800-53 Revision 5 public catalog
nist-au-12,FW-NIST-800-53,AU-12,Audit Record Generation,AUDIT_AND_ACCOUNTABILITY,MEDIUM,NIST SP 800-53 Rev 5 Section AU-12,ACTIVE,Official NIST SP 800-53 Revision 5 public catalog
nist-cm-6,FW-NIST-800-53,CM-6,Configuration Settings,CONFIGURATION_MANAGEMENT,HIGH,NIST SP 800-53 Rev 5 Section CM-6,ACTIVE,Official NIST SP 800-53 Revision 5 public catalog
nist-cm-7,FW-NIST-800-53,CM-7,Least Functionality,CONFIGURATION_MANAGEMENT,HIGH,NIST SP 800-53 Rev 5 Section CM-7,ACTIVE,Official NIST SP 800-53 Revision 5 public catalog
nist-ia-2,FW-NIST-800-53,IA-2,Identification and Authentication,IDENTIFICATION_AND_AUTHENTICATION,HIGH,NIST SP 800-53 Rev 5 Section IA-2,ACTIVE,Official NIST SP 800-53 Revision 5 public catalog
nist-ia-5,FW-NIST-800-53,IA-5,Authenticator Management,IDENTIFICATION_AND_AUTHENTICATION,MEDIUM,NIST SP 800-53 Rev 5 Section IA-5,ACTIVE,Official NIST SP 800-53 Revision 5 public catalog
nist-sc-7,FW-NIST-800-53,SC-7,Boundary Protection,SYSTEM_AND_COMMUNICATIONS_PROTECTION,HIGH,NIST SP 800-53 Rev 5 Section SC-7,ACTIVE,Official NIST SP 800-53 Revision 5 public catalog
nist-sc-8,FW-NIST-800-53,SC-8,Transmission Confidentiality and Integrity,SYSTEM_AND_COMMUNICATIONS_PROTECTION,HIGH,NIST SP 800-53 Rev 5 Section SC-8,ACTIVE,Official NIST SP 800-53 Revision 5 public catalog
nist-sc-13,FW-NIST-800-53,SC-13,Cryptographic Protection,SYSTEM_AND_COMMUNICATIONS_PROTECTION,HIGH,NIST SP 800-53 Rev 5 Section SC-13,ACTIVE,Official NIST SP 800-53 Revision 5 public catalog
stig-net-0400,FW-STIG,V-220527,Enforce SSHv2 Remote Management,REMOTE_ACCESS,HIGH,DISA Network Device Management SRG NET-0400 / V-220527,ACTIVE,DISA DoD Cyber Exchange public machine-readable SRG
stig-net-0410,FW-STIG,V-220528,Disable Telnet Protocol,REMOTE_ACCESS,HIGH,DISA Network Device Management SRG NET-0410 / V-220528,ACTIVE,DISA DoD Cyber Exchange public machine-readable SRG
stig-net-0420,FW-STIG,V-220529,Disable Unencrypted HTTP Management,REMOTE_ACCESS,HIGH,DISA Network Device Management SRG NET-0420 / V-220529,ACTIVE,DISA DoD Cyber Exchange public machine-readable SRG
stig-net-0500,FW-STIG,V-220530,Enforce Centralized AAA Authentication,AUTHENTICATION,HIGH,DISA Network Device Management SRG NET-0500 / V-220530,ACTIVE,DISA DoD Cyber Exchange public machine-readable SRG
stig-net-0600,FW-STIG,V-220531,Forward Syslog to Central Collector,AUDIT_LOGGING,MEDIUM,DISA Network Device Management SRG NET-0600 / V-220531,ACTIVE,DISA DoD Cyber Exchange public machine-readable SRG
stig-net-0700,FW-STIG,V-220532,Disable SNMPv1 Unencrypted Access,SYSTEM_MANAGEMENT,MEDIUM,DISA Network Device Management SRG NET-0700 / V-220532,ACTIVE,DISA DoD Cyber Exchange public machine-readable SRG
stig-net-0800,FW-STIG,V-220533,Synchronize Time with Authoritative NTP,AUDIT_LOGGING,MEDIUM,DISA Network Device Management SRG NET-0800 / V-220533,ACTIVE,DISA DoD Cyber Exchange public machine-readable SRG
stig-net-0900,FW-STIG,V-220534,Display DoD Advisory Warning Banner,SYSTEM_MANAGEMENT,LOW,DISA Network Device Management SRG NET-0900 / V-220534,ACTIVE,DISA DoD Cyber Exchange public machine-readable SRG
cis-1-1-1,FW-CIS,1.1.1,Ensure SSH Version 2 is enabled,ACCESS_CONTROL,HIGH,CIS Cisco IOS XE 17.x Benchmark v2.2.1 Section 1.1.1,ACTIVE,Derived from CIS Benchmark Section 1.1.1 hardening recommendations
cis-1-1-2,FW-CIS,1.1.2,Ensure Telnet service is disabled,ACCESS_CONTROL,HIGH,CIS Cisco IOS XE 17.x Benchmark v2.2.1 Section 1.1.2,ACTIVE,Derived from CIS Benchmark Section 1.1.2 hardening recommendations
cis-1-1-3,FW-CIS,1.1.3,Ensure HTTP server is disabled,MANAGEMENT_SERVICES,HIGH,CIS Cisco IOS XE 17.x Benchmark v2.2.1 Section 1.1.3,ACTIVE,Derived from CIS Benchmark Section 1.1.3 hardening recommendations
cis-1-1-4,FW-CIS,1.1.4,Ensure AAA subsystem is active,AUTHENTICATION,HIGH,CIS Cisco IOS XE 17.x Benchmark v2.2.1 Section 1.1.4,ACTIVE,Derived from CIS Benchmark Section 1.1.4 hardening recommendations
cis-1-1-5,FW-CIS,1.1.5,Ensure remote syslog logging is configured,LOGGING,MEDIUM,CIS Cisco IOS XE 17.x Benchmark v2.2.1 Section 1.1.5,ACTIVE,Derived from CIS Benchmark Section 1.1.5 hardening recommendations
cis-1-1-6,FW-CIS,1.1.6,Ensure SNMPv1/v2c are disabled,MANAGEMENT_SERVICES,MEDIUM,CIS Cisco IOS XE 17.x Benchmark v2.2.1 Section 1.1.6,ACTIVE,Derived from CIS Benchmark Section 1.1.6 hardening recommendations
cis-1-1-7,FW-CIS,1.1.7,Ensure NTP is configured,SYSTEM_INTEGRITY,MEDIUM,CIS Cisco IOS XE 17.x Benchmark v2.2.1 Section 1.1.7,ACTIVE,Derived from CIS Benchmark Section 1.1.7 hardening recommendations
cis-1-1-8,FW-CIS,1.1.8,Ensure warning banner is configured,SYSTEM_MANAGEMENT,LOW,CIS Cisco IOS XE 17.x Benchmark v2.2.1 Section 1.1.8,ACTIVE,Derived from CIS Benchmark Section 1.1.8 hardening recommendations
iso-a-5-15,FW-ISO-27001,A.5.15,Access control,ORGANIZATIONAL_CONTROLS,HIGH,ISO/IEC 27001:2022 Annex A Control 5.15,ACTIVE,ISO/IEC 27001:2022 Annex A standard reference control metadata
iso-a-8-15,FW-ISO-27001,A.8.15,Logging,TECHNOLOGICAL_CONTROLS,MEDIUM,ISO/IEC 27001:2022 Annex A Control 8.15,ACTIVE,ISO/IEC 27001:2022 Annex A standard reference control metadata
iso-a-8-20,FW-ISO-27001,A.8.20,Network security,TECHNOLOGICAL_CONTROLS,HIGH,ISO/IEC 27001:2022 Annex A Control 8.20,ACTIVE,ISO/IEC 27001:2022 Annex A standard reference control metadata
iso-a-8-24,FW-ISO-27001,A.8.24,Use of cryptography,TECHNOLOGICAL_CONTROLS,HIGH,ISO/IEC 27001:2022 Annex A Control 8.24,ACTIVE,ISO/IEC 27001:2022 Annex A standard reference control metadata
